0,1782,3230.00
0,1783,3210.00
0,1785,3210.00
0,1786,3280.00
0,1787,3230.00
0,1789,3230.00
0,1790,2920.00
Found INA260 chip
0,1004,2840.00
0,1005,2850.00
0,1006,2850.00
0,1007,2840.00
0,1009,2850.00
0,1010,2850.00
0,1011,2830.00
0,1013,2830.00
0,1014,2870.00
0,1015,2870.00
0,1016,2850.00
0,1018,2840.00
0,1019,2840.00
0,1020,2850.00
0,1022,2850.00
0,1024,2840.00
0,1025,2840.00
0,1026,2840.00
0,1028,2840.00
0,1029,2840.00
0,1030,2870.00
0,1031,2960.00
0,1033,2960.00
0,1034,2880.00
0,1035,2880.00
0,1037,2870.00
0,1038,2840.00
0,1039,2840.00
0,1040,2850.00
0,1042,2850.00
0,1043,2830.00
0,1044,2840.00
0,1045,2840.00
0,1047,2840.00
0,1048,2840.00
0,1049,2830.00
0,1051,2830.00
0,1052,2930.00
0,1053,2880.00
0,1054,2880.00
0,1056,2870.00
0,1057,2870.00
0,1058,2840.00
0,1059,2840.00
0,1061,2840.00
0,1062,2880.00
0,1063,2880.00
0,1065,2830.00
0,1067,2830.00
0,1068,2830.00
0,1069,2840.00
0,1071,2840.00
0,1072,2970.00
0,1073,2880.00
0,1075,2880.00
0,1076,2870.00
0,1077,2870.00
0,1078,2870.00
0,1080,2870.00
0,1081,2840.00
0,1082,2870.00
0,1083,2870.00
0,1085,2840.00
0,1086,2840.00
0,1087,2840.00
0,1089,2830.00
0,1090,2830.00
0,1091,2840.00
0,1092,2840.00
0,1094,2830.00
0,1095,2830.00
0,1096,2830.00
0,1097,2870.00
0,1099,2870.00
0,1100,2840.00
0,1101,2850.00
0,1103,2850.00
0,1104,2870.00
0,1105,2870.00
0,1106,2850.00
0,1108,2850.00
0,1110,2850.00
0,1111,2820.00
0,1112,2820.00
0,1114,2830.00
0,1115,2830.00
0,1116,2840.00
0,1118,2880.00
0,1119,2880.00
0,1120,2850.00
0,1122,2870.00
0,1123,2870.00
0,1124,2850.00
0,1126,2850.00
0,1127,2870.00
0,1128,2850.00
0,1130,2850.00
0,1131,2850.00
0,1132,2850.00
0,1134,2870.00
0,1135,2830.00
0,1136,2830.00
0,1138,2840.00
0,1139,2850.00
0,1140,2850.00
0,1142,2880.00
0,1143,2880.00
0,1144,2870.00
0,1145,2870.00
0,1147,2870.00
0,1148,2850.00
0,1149,2850.00
0,1152,2840.00
0,1153,2840.00
0,1154,2840.00
0,1156,2840.00
0,1157,2850.00
0,1158,2850.00
0,1160,2840.00
0,1161,2840.00
0,1162,2870.00
0,1164,2830.00
0,1165,2830.00
0,1166,2870.00
0,1168,2870.00
0,1169,2870.00
0,1170,2850.00
0,1172,2850.00
0,1173,2850.00
0,1174,2840.00
0,1176,2840.00
0,1177,2840.00
0,1178,2840.00
0,1180,2800.00
0,1181,2870.00
0,1182,2870.00
0,1184,2820.00
0,1185,2880.00
0,1186,2880.00
0,1188,2880.00
0,1189,2880.00
0,1190,2850.00
0,1192,2850.00
0,1193,2850.00
0,1195,2850.00
0,1197,2850.00
0,1198,2830.00
0,1199,2850.00
0,1201,2850.00
0,1202,2840.00
0,1203,2830.00
0,1205,2830.00
0,1206,2840.00
0,1207,2840.00
0,1209,2850.00
0,1210,2880.00
0,1211,2880.00
0,1213,2880.00
0,1214,2880.00
0,1215,2840.00
0,1217,2850.00
0,1218,2850.00
0,1219,2850.00
0,1221,2850.00
0,1222,2850.00
0,1223,2840.00
0,1225,2840.00
0,1226,2830.00
0,1227,2830.00
0,1229,2830.00
0,1230,2850.00
0,1231,2850.00
0,1232,2880.00
0,1234,2880.00
0,1235,2880.00
0,1236,2840.00
0,1239,2850.00
0,1240,2850.00
0,1241,2850.00
0,1243,2850.00
0,1244,2840.00
0,1245,2830.00
0,1247,2830.00
0,1248,2840.00
0,1249,2840.00
0,1251,2850.00
0,1252,2870.00
0,1253,2870.00
0,1255,2850.00
0,1256,2850.00
0,1257,2850.00
0,1259,2870.00
0,1260,2870.00
0,1261,2880.00
0,1263,2880.00
0,1264,2880.00
0,1265,2850.00
0,1267,2850.00
0,1268,2850.00
0,1269,2840.00
0,1271,2840.00
0,1272,2850.00
0,1273,2830.00
0,1275,2830.00
0,1276,2830.00
0,1277,2830.00
0,1280,2840.00
0,1281,2850.00
0,1282,2850.00
0,1284,2830.00
0,1285,2870.00
0,1286,2870.00
0,1288,2870.00
0,1289,2870.00
0,1290,2840.00
0,1292,2840.00
0,1293,2840.00
0,1294,2910.00
0,1296,2910.00
0,1297,2840.00
0,1298,2830.00
0,1300,2830.00
0,1301,2840.00
0,1302,2820.00
0,1304,2820.00
0,1305,2830.00
0,1306,2830.00
0,1308,2850.00
0,1309,2850.00
0,1310,2850.00
0,1312,2870.00
0,1313,2870.00
0,1314,2870.00
0,1316,2870.00
0,1317,2870.00
0,1318,2850.00
0,1319,2850.00
0,1321,2850.00
0,1323,2840.00
0,1324,2840.00
0,1326,2850.00
0,1327,2850.00
0,1328,2850.00
0,1330,2840.00
0,1331,2830.00
0,1332,2830.00
0,1334,2850.00
0,1335,2850.00
0,1336,2870.00
0,1338,2880.00
0,1339,2880.00
0,1340,2850.00
0,1342,2850.00
0,1343,2850.00
0,1344,2840.00
0,1346,2840.00
0,1347,2870.00
0,1348,2820.00
0,1350,2820.00
0,1351,2830.00
0,1352,2830.00
0,1354,2830.00
0,1355,2840.00
0,1356,2840.00
0,1358,2870.00
0,1359,2870.00
0,1360,2850.00
0,1362,2880.00
0,1363,2880.00
0,1364,2850.00
0,1367,2850.00
0,1368,2850.00
0,1369,2840.00
0,1371,2840.00
0,1372,2850.00
0,1373,2840.00
0,1375,2840.00
0,1376,2840.00
0,1377,2840.00
0,1379,2820.00
0,1380,2870.00
0,1381,2870.00
0,1383,2870.00
0,1384,2870.00
0,1385,2870.00
0,1387,2880.00
0,1388,2880.00
0,1389,2850.00
0,1391,2830.00
0,1392,2830.00
0,1393,2840.00
0,1395,2840.00
0,1396,2850.00
0,1397,2840.00
0,1399,2840.00
0,1400,2870.00
0,1401,2850.00
0,1403,2850.00
0,1404,2870.00
0,1405,2870.00
0,1406,2870.00
0,1409,2870.00
0,1410,2870.00
0,1411,2850.00
0,1413,2840.00
0,1414,2840.00
0,1415,2850.00
0,1417,2850.00
0,1418,2830.00
0,1419,2840.00
0,1421,2840.00
0,1422,2850.00
0,1423,2850.00
0,1425,2870.00
0,1426,2850.00
0,1427,2850.00
0,1429,2870.00
0,1430,2880.00
0,1431,2880.00
0,1433,2850.00
0,1434,2850.00
0,1435,2870.00
0,1437,2840.00
0,1438,2840.00
0,1439,2850.00
0,1441,2850.00
0,1442,2850.00
0,1443,2830.00
0,1445,2830.00
0,1446,2830.00
0,1447,2870.00
0,1449,2870.00
0,1451,2840.00
0,1452,2840.00
0,1454,2840.00
0,1455,2880.00
0,1456,2880.00
0,1458,2870.00
0,1459,2870.00
0,1460,2850.00
0,1462,2840.00
0,1463,2840.00
0,1464,2840.00
0,1466,2840.00
0,1467,2840.00
0,1468,2880.00
0,1470,2880.00
0,1471,2850.00
0,1472,2890.00
0,1474,2890.00
0,1475,2880.00
0,1476,2880.00
0,1478,2880.00
0,1479,2850.00
0,1480,2850.00
0,1482,2870.00
0,1483,2850.00
0,1484,2850.00
0,1486,2840.00
0,1487,2840.00
0,1488,2830.00
0,1490,2870.00
0,1491,2870.00
0,1492,2850.00
0,1494,2880.00
0,1496,2880.00
0,1497,2870.00
0,1498,2870.00
0,1500,2850.00
0,1501,2850.00
0,1502,2850.00
0,1504,2850.00
0,1505,2850.00
0,1506,2850.00
0,1508,2840.00
0,1509,2840.00
0,1510,2840.00
0,1512,2850.00
0,1513,2850.00
0,1514,2850.00
0,1516,2850.00
0,1517,2870.00
0,1518,2880.00
0,1520,2880.00
0,1521,2870.00
0,1522,2870.00
0,1524,2880.00
0,1525,2840.00
0,1526,2840.00
0,1528,2840.00
0,1529,2850.00
0,1530,2850.00
0,1532,2910.00
0,1533,2910.00
0,1534,3140.00
0,1537,3200.00
0,1538,3200.00
0,1539,3100.00
0,1541,3100.00
0,1542,3060.00
0,1543,3190.00
0,1545,3190.00
0,1546,3080.00
0,1547,3070.00
0,1549,3070.00
0,1550,3260.00
0,1551,3260.00
0,1553,3070.00
0,1554,3210.00
0,1555,3210.00
0,1557,3400.00
0,1558,3400.00
0,1559,3210.00
0,1561,3160.00
0,1562,3160.00
0,1563,3200.00
0,1565,2870.00
0,1566,2870.00
0,1567,2930.00
0,1569,2930.00
0,1570,2970.00
0,1571,2850.00
0,1573,2850.00
0,1574,2920.00
0,1575,2930.00
0,1577,2930.00
0,1579,2840.00
0,1580,2840.00
0,1581,2930.00
0,1583,2850.00
0,1584,2850.00
0,1585,2880.00
0,1587,2880.00
0,1588,2840.00
0,1589,2850.00
0,1591,2850.00
0,1592,2840.00
0,1593,2870.00
0,1595,2870.00
0,1596,2850.00
0,1597,2850.00
0,1599,2840.00
0,1600,2850.00
0,1601,2850.00
0,1603,2830.00
0,1604,2830.00
0,1605,2850.00
0,1607,2870.00
0,1608,2870.00
0,1609,2870.00
0,1611,2840.00
0,1612,2840.00
0,1613,2880.00
0,1615,2880.00
0,1616,2850.00
0,1617,2870.00
0,1619,2870.00
0,1620,2840.00
0,1622,2840.00
0,1624,2840.00
0,1625,2830.00
0,1626,2830.00
0,1628,2870.00
0,1629,2880.00
0,1630,2880.00
0,1632,2870.00
0,1633,2870.00
0,1634,2880.00
0,1636,2870.00
0,1637,2870.00
0,1638,2840.00
0,1640,2840.00
0,1641,2840.00
0,1642,2840.00
0,1644,2840.00
0,1645,2840.00
0,1646,2850.00
0,1648,2850.00
0,1649,2840.00
0,1650,2840.00
0,1652,2840.00
0,1653,2830.00
0,1654,2830.00
0,1656,2850.00
0,1657,2870.00
0,1658,2870.00
0,1660,2880.00
0,1661,2880.00
0,1662,2880.00
0,1665,2890.00
0,1666,2890.00
0,1667,2870.00
0,1668,2870.00
0,1670,2840.00
0,1671,2850.00
0,1672,2850.00
0,1674,3020.00
0,1675,2830.00
0,1676,2830.00
0,1678,2850.00
0,1679,2850.00
0,1680,2850.00
0,1682,2870.00
0,1683,2870.00
0,1684,2840.00
0,1686,2840.00
0,1687,2870.00
0,1688,2840.00
0,1690,2840.00
0,1691,2840.00
0,1692,2830.00
0,1694,2830.00
0,1695,2850.00
0,1696,2850.00
0,1698,2830.00
0,1699,2840.00
0,1700,2840.00
0,1702,2850.00
0,1703,2850.00
0,1704,2850.00
0,1707,2870.00
0,1708,2870.00
0,1709,2880.00
0,1711,2880.00
0,1712,2880.00
0,1713,2850.00
0,1715,2850.00
0,1716,2850.00
0,1717,2850.00
0,1719,2850.00
0,1720,2840.00
0,1721,2840.00
0,1723,2850.00
0,1724,2830.00
0,1725,2830.00
0,1727,2830.00
0,1728,2890.00
0,1729,2890.00
0,1731,2850.00
0,1732,2850.00
0,1733,2870.00
0,1735,2840.00
0,1736,2840.00
0,1737,2850.00
0,1739,2850.00
0,1740,2850.00
0,1741,2840.00
0,1743,2840.00
0,1744,2840.00
0,1745,2850.00
0,1747,2850.00
0,1748,2830.00
0,1750,2830.00
0,1752,2850.00
0,1753,2850.00
0,1754,2850.00
0,1755,2880.00
0,1757,2880.00
0,1758,2880.00
0,1759,2870.00
0,1761,2870.00
0,1762,2850.00
0,1763,2870.00
0,1765,2870.00
0,1766,2850.00
0,1767,2850.00
0,1769,2830.00
0,1770,2840.00
0,1771,2840.00
0,1773,2840.00
0,1774,2850.00
0,1775,2850.00
0,1777,2840.00
0,1778,2840.00
0,1779,2850.00
0,1781,2850.00
0,1782,2850.00
0,1783,2870.00
0,1785,2870.00
0,1786,2850.00
0,1787,2880.00
0,1789,2880.00
0,1790,2870.00
0,1792,2850.00
0,1794,2850.00
0,1795,2840.00
0,1796,2840.00
0,1798,2840.00
0,1799,2830.00
0,1800,2830.00
0,1802,2830.00
0,1803,2830.00
0,1804,2870.00
0,1806,2830.00
0,1807,2830.00
0,1808,2850.00
0,1810,2870.00
0,1811,2870.00
0,1812,2880.00
0,1814,2880.00
0,1815,2850.00
0,1816,2850.00
0,1818,2850.00
0,1819,2850.00
0,1820,2840.00
0,1822,2840.00
0,1823,2850.00
0,1824,2850.00
0,1826,2840.00
0,1827,2830.00
0,1828,2830.00
0,1830,2870.00
0,1831,2870.00
0,1832,2880.00
0,1835,2850.00
0,1836,2850.00
0,1837,2880.00
0,1838,2850.00
0,1840,2850.00
0,1841,2920.00
0,1842,2920.00
0,1844,2840.00
0,1845,2840.00
0,1846,2840.00
0,1848,2850.00
0,1849,2850.00
0,1850,2870.00
0,1852,2850.00
0,1853,2850.00
0,1854,2870.00
0,1856,2850.00
0,1857,2850.00
0,1858,2870.00
0,1860,2870.00
0,1861,2840.00
0,1862,2840.00
0,1864,2840.00
0,1865,2870.00
0,1866,2870.00
0,1868,2850.00
0,1869,2850.00
0,1870,2850.00
0,1872,2850.00
0,1873,2830.00
0,1874,2830.00
0,1876,2830.00
0,1878,2830.00
0,1879,2850.00
0,1881,2850.00
0,1882,2850.00
0,1883,2850.00
0,1885,2850.00
0,1886,2850.00
0,1887,2850.00
0,1889,2850.00
0,1890,2850.00
0,1891,2830.00
0,1893,2830.00
0,1894,2840.00
0,1895,2840.00
0,1897,2830.00
0,1898,2840.00
0,1899,2840.00
0,1901,2890.00
0,1902,2850.00
0,1903,2850.00
0,1905,2870.00
0,1906,2870.00
0,1907,2880.00
0,1909,2850.00
0,1910,2850.00
0,1911,2880.00
0,1913,2880.00
0,1914,2840.00
0,1915,2840.00
0,1917,2840.00
0,1918,2840.00
0,1920,2840.00
0,1922,2840.00
0,1923,2880.00
0,1924,2880.00
0,1926,2840.00
0,1927,2850.00
0,1928,2850.00
0,1929,2870.00
0,1931,2870.00
0,1932,2870.00
0,1933,2880.00
0,1935,2880.00
0,1936,2850.00
0,1937,2850.00
0,1939,2850.00
0,1940,2850.00
0,1941,2850.00
0,1943,2840.00
0,1944,2840.00
0,1945,2840.00
0,1947,2840.00
0,1948,2840.00
0,1949,2840.00
0,1951,2830.00
0,1952,2830.00
0,1953,2850.00
0,1955,2870.00
0,1956,2870.00
0,1957,2870.00
0,1959,2870.00
0,1960,2870.00
0,1961,2850.00
0,1964,2850.00
0,1965,2850.00
0,1966,2850.00
0,1968,2840.00
0,1969,2840.00
0,1970,2840.00
0,1972,2840.00
0,1973,2840.00
0,1974,2840.00
0,1976,2820.00
0,1977,2820.00
0,1978,2820.00
0,1980,2850.00
0,1981,2850.00
0,1982,2870.00
0,1984,2870.00
0,1985,2850.00
0,1986,2850.00
0,1988,2850.00
0,1989,2850.00
0,1990,2870.00
0,1992,2870.00
0,1993,2850.00
0,1994,2850.00
0,1996,2820.00
0,1997,2830.00
0,1998,2830.00
0,2000,2830.00
0,2001,2850.00
0,2002,2850.00
0,2004,2830.00
0,2006,2830.00
0,2007,2870.00
0,2009,2890.00
0,2010,2890.00
0,2011,2880.00
0,2012,2880.00
0,2014,2850.00
0,2015,2840.00
0,2016,2840.00
0,2018,2840.00
0,2019,2850.00
0,2020,2850.00
0,2022,2840.00
0,2023,2840.00
0,2024,2840.00
0,2026,2840.00
0,2027,2840.00
0,2028,2850.00
0,2030,2850.00
0,2031,2880.00
0,2032,2850.00
0,2034,2850.00
0,2035,2840.00
0,2036,2840.00
0,2038,2840.00
0,2039,2850.00
0,2040,2850.00
0,2042,2840.00
0,2043,2830.00
0,2044,2830.00
0,2046,2840.00
0,2048,2840.00
0,2049,2880.00
0,2051,2850.00
0,2052,2850.00
0,2053,2870.00
0,2055,2850.00
0,2056,2850.00
0,2057,2850.00
0,2059,2850.00
0,2060,2850.00
0,2061,2840.00
0,2063,2840.00
0,2064,2840.00
0,2065,2850.00
0,2067,2850.00
0,2068,2830.00
0,2069,2830.00
0,2071,2870.00
0,2072,2870.00
0,2073,2870.00
0,2075,2870.00
0,2076,2870.00
0,2077,2870.00
0,2079,2840.00
0,2080,2840.00
0,2081,2840.00
0,2083,2850.00
0,2084,2850.00
0,2085,2840.00
0,2087,2840.00
0,2088,2840.00
0,2089,2840.00
0,2092,2840.00
0,2093,2830.00
0,2094,2830.00
0,2096,2830.00
0,2097,2850.00
0,2098,2850.00
0,2100,2870.00
0,2101,2880.00
0,2102,2880.00
0,2103,2850.00
0,2105,2850.00
0,2106,2870.00
0,2107,2850.00
0,2109,2850.00
0,2110,2840.00
0,2111,2840.00
0,2113,2840.00
0,2114,2830.00
0,2115,2830.00
0,2117,2820.00
0,2118,2850.00
0,2119,2850.00
0,2121,2850.00
0,2122,2850.00
0,2123,2870.00
0,2125,2850.00
0,2126,2850.00
0,2127,2850.00
0,2129,2850.00
0,2130,2840.00
0,2131,2840.00
0,2134,2840.00
0,2135,2840.00
0,2136,2850.00
0,2138,2850.00
0,2139,2850.00
0,2140,2850.00
0,2142,2830.00
0,2143,2840.00
0,2144,2840.00
0,2146,2840.00
0,2147,2880.00
0,2148,2880.00
0,2150,2880.00
0,2151,2880.00
0,2152,2870.00
0,2154,2840.00
0,2155,2840.00
0,2156,2840.00
0,2158,2840.00
0,2159,2840.00
0,2160,2840.00
0,2162,2840.00
0,2163,2830.00
0,2164,2850.00
0,2166,2850.00
0,2167,2880.00
0,2168,2880.00
0,2170,2870.00
0,2171,2850.00
0,2172,2850.00
0,2174,2870.00
0,2176,2870.00
0,2177,2850.00
0,2179,2830.00
0,2180,2830.00
0,2181,2850.00
0,2183,2840.00
0,2184,2840.00
0,2185,2840.00
0,2187,2840.00
0,2188,2820.00
0,2189,2870.00
0,2190,2870.00
0,2192,2850.00
0,2193,2850.00
0,2194,2870.00
0,2196,2870.00
0,2197,2870.00
0,2198,2840.00
0,2200,2850.00
0,2201,2850.00
0,2202,2850.00
0,2204,2850.00
0,2205,2850.00
0,2206,2840.00
0,2208,2840.00
0,2209,2840.00
0,2210,2840.00
0,2212,2850.00
0,2213,2870.00
0,2214,2870.00
0,2216,2880.00
0,2217,2880.00
0,2219,2880.00
0,2221,2870.00
0,2222,2870.00
0,2223,2840.00
0,2225,2870.00
0,2226,2870.00
0,2227,2840.00
0,2229,2850.00
0,2230,2850.00
0,2231,2840.00
0,2233,2840.00
0,2234,2840.00
0,2235,2850.00
0,2237,2850.00
0,2238,2870.00
0,2239,2870.00
0,2241,2850.00
0,2242,2870.00
0,2243,2870.00
0,2245,2870.00
0,2246,2870.00
0,2247,2870.00
0,2249,2840.00
0,2250,2840.00
0,2251,2840.00
0,2253,2870.00
0,2254,2870.00
0,2255,2850.00
0,2257,2850.00
0,2258,2850.00
0,2259,2840.00
0,2262,2840.00
0,2263,2840.00
0,2264,2830.00
0,2266,2830.00
0,2267,2830.00
0,2268,2830.00
0,2270,2870.00
0,2271,2880.00
0,2272,2880.00
0,2274,2870.00
0,2275,2870.00
0,2276,2840.00
0,2277,2850.00
0,2279,2850.00
0,2280,2840.00
0,2281,2840.00
0,2283,2840.00
0,2284,2830.00
0,2285,2830.00
0,2287,2840.00
0,2288,2830.00
0,2289,2830.00
0,2291,2850.00
0,2292,2850.00
0,2293,2880.00
0,2295,2850.00
0,2296,2850.00
0,2297,2840.00
0,2299,2840.00
0,2300,2840.00
0,2301,2850.00
0,2304,2850.00
0,2305,2830.00
0,2306,2830.00
0,2308,2830.00
0,2309,2830.00
0,2310,2870.00
0,2312,2870.00
0,2313,2850.00
0,2314,2850.00
0,2316,2850.00
0,2317,2850.00
0,2318,2850.00
0,2320,2870.00
0,2321,2870.00
0,2322,2870.00
0,2324,2870.00
0,2325,2870.00
0,2326,2840.00
0,2328,2830.00
0,2329,2830.00
0,2330,2870.00
0,2332,2870.00
0,2333,2830.00
0,2334,2880.00
0,2336,2880.00
0,2337,2850.00
0,2338,2850.00
0,2340,2850.00
0,2341,2840.00
0,2342,2840.00
0,2344,2850.00
0,2345,2870.00
0,2347,2870.00
0,2349,2880.00
0,2350,2880.00
0,2351,2820.00
0,2353,2840.00
0,2354,2840.00
0,2355,2830.00
0,2357,2830.00
0,2358,2870.00
0,2359,2870.00
0,2361,2870.00
0,2362,2890.00
0,2363,2850.00
0,2364,2850.00
0,2366,2870.00
0,2367,2870.00
0,2368,2870.00
0,2370,2840.00
0,2371,2840.00
0,2372,2840.00
0,2374,2840.00
0,2375,2840.00
0,2376,2840.00
0,2378,2840.00
0,2379,2840.00
0,2380,2830.00
0,2382,2830.00
0,2383,2850.00
0,2384,2850.00
0,2386,2870.00
0,2387,2890.00
0,2388,2890.00
0,2391,2880.00
0,2392,2870.00
0,2393,2870.00
0,2395,2850.00
0,2396,2850.00
0,2397,2850.00
0,2399,2850.00
0,2400,2850.00
0,2401,2840.00
0,2403,2840.00
0,2404,2830.00
0,2405,2840.00
0,2407,2840.00
0,2408,2840.00
0,2409,2850.00
0,2411,2850.00
0,2412,2890.00
0,2413,2890.00
0,2415,2850.00
0,2416,2840.00
0,2417,2840.00
0,2419,2840.00
0,2420,2840.00
0,2421,2850.00
0,2423,2830.00
0,2424,2830.00
0,2425,2850.00
0,2427,2840.00
0,2428,2840.00
0,2429,2870.00
0,2432,2870.00
0,2433,2830.00
0,2434,2870.00
0,2436,2870.00
0,2437,2880.00
0,2438,2880.00
0,2440,2880.00
0,2441,2850.00
0,2442,2850.00
0,2444,2870.00
0,2445,2850.00
0,2446,2850.00
0,2448,2840.00
0,2449,2840.00
0,2450,2840.00
0,2451,2910.00
0,2453,2910.00
0,2454,2820.00
0,2455,2820.00
0,2457,2850.00
0,2458,2850.00
0,2459,2850.00
0,2461,2850.00
0,2462,2840.00
0,2463,2840.00
0,2465,2840.00
0,2466,2840.00
0,2467,2850.00
0,2469,2850.00
0,2470,2850.00
0,2471,2830.00
0,2473,2840.00
0,2475,2840.00
0,2476,2840.00
0,2478,2840.00
0,2479,2850.00
0,2480,2850.00
0,2482,2850.00
0,2483,2840.00
0,2484,2840.00
0,2486,2880.00
0,2487,2850.00
0,2488,2850.00
0,2490,2850.00
0,2491,2850.00
0,2492,2850.00
0,2494,2850.00
0,2495,2850.00
0,2496,2830.00
0,2498,2840.00
0,2499,2840.00
0,2500,2830.00
0,2502,2830.00
0,2503,2870.00
0,2504,2870.00
0,2506,2870.00
0,2507,2870.00
0,2508,2850.00
0,2510,2850.00
0,2511,2840.00
0,2512,2840.00
0,2514,2850.00
0,2515,2850.00
0,2516,2850.00
0,2519,2830.00
0,2520,2830.00
0,2521,2830.00
0,2523,2850.00
0,2524,2850.00
0,2525,2850.00
0,2527,2870.00
0,2528,2870.00
0,2529,2870.00
0,2531,2870.00
0,2532,2830.00
0,2533,2840.00
0,2535,2840.00
0,2536,2840.00
0,2537,2840.00
0,2538,2850.00
0,2540,2840.00
0,2541,2840.00
0,2542,2840.00
0,2544,2850.00
0,2545,2850.00
0,2546,2850.00
0,2548,2850.00
0,2549,2830.00
0,2550,2850.00
0,2552,2850.00
0,2553,2850.00
0,2554,2870.00
0,2556,2870.00
0,2557,2880.00
0,2558,2880.00
0,2561,2850.00
0,2562,2840.00
0,2563,2840.00
0,2565,3120.00
0,2566,3120.00
0,2567,3170.00
0,2569,3110.00
0,2570,3110.00
0,2571,3080.00
0,2573,3170.00
0,2574,3170.00
0,2575,3070.00
0,2577,3070.00
0,2578,3030.00
0,2579,3300.00
0,2581,3300.00
0,2582,3110.00
0,2583,3110.00
0,2585,3190.00
0,2586,3390.00
0,2587,3390.00
0,2589,3240.00
0,2590,3170.00
0,2591,3170.00
0,2593,3080.00
0,2594,3080.00
0,2595,2830.00
0,2597,2880.00
0,2598,2880.00
0,2599,3020.00
0,2601,3020.00
0,2603,2850.00
0,2604,2910.00
0,2606,2910.00
0,2607,2980.00
0,2608,2840.00
0,2610,2840.00
0,2611,2850.00
0,2612,2850.00
0,2614,2920.00
0,2615,2840.00
0,2616,2840.00
0,2618,2880.00
0,2619,2880.00
0,2620,2880.00
0,2622,2880.00
0,2623,2880.00
0,2624,2890.00
0,2625,2840.00
0,2627,2840.00
0,2628,2870.00
0,2629,2870.00
0,2631,2840.00
0,2632,2830.00
0,2633,2830.00
0,2635,2840.00
0,2636,2840.00
0,2637,2840.00
0,2639,2870.00
0,2640,2870.00
0,2641,2870.00
0,2643,2850.00
0,2644,2850.00
0,2646,2850.00
0,2648,2850.00
0,2649,2850.00
0,2650,2850.00
0,2652,2850.00
0,2653,2850.00
0,2654,2850.00
0,2656,2850.00
0,2657,2830.00
0,2658,2830.00
0,2660,2880.00
0,2661,2870.00
0,2662,2870.00
0,2664,2880.00
0,2665,2880.00
0,2666,2870.00
0,2668,2870.00
0,2669,2870.00
0,2670,2850.00
0,2672,2840.00
0,2673,2840.00
0,2674,2840.00
0,2676,2840.00
0,2677,2850.00
0,2678,2870.00
0,2680,2870.00
0,2681,2840.00
0,2682,2840.00
0,2684,2880.00
0,2685,2870.00
0,2686,2870.00
0,2689,2870.00
0,2690,2880.00
0,2691,2880.00
0,2693,2850.00
0,2694,2850.00
0,2695,2870.00
0,2697,2870.00
0,2698,2870.00
0,2699,2840.00
0,2701,2840.00
0,2702,2840.00
0,2703,3030.00
0,2705,3030.00
0,2706,2840.00
0,2707,2880.00
0,2708,2880.00
0,2710,2840.00
0,2711,2840.00
0,2712,2850.00
0,2714,2870.00
0,2715,2870.00
0,2716,2850.00
0,2718,2840.00
0,2719,2840.00
0,2720,2840.00
0,2722,2840.00
0,2723,2830.00
0,2724,2830.00
0,2726,2830.00
0,2727,2870.00
0,2728,2870.00
0,2731,2850.00
0,2732,2880.00
0,2733,2880.00
0,2735,2870.00
0,2736,2840.00
0,2737,2840.00
0,2739,2850.00
0,2740,2850.00
0,2741,2840.00
0,2743,2840.00
0,2744,2840.00
0,2745,2840.00
0,2747,2840.00
0,2748,2830.00
0,2749,2870.00
0,2751,2870.00
0,2752,2850.00
0,2753,3030.00
0,2755,3030.00
0,2756,3020.00
0,2757,3020.00
0,2759,2850.00
0,2760,2980.00
0,2761,2980.00
0,2763,2870.00
0,2764,2870.00
0,2765,2850.00
0,2767,3010.00
0,2768,3010.00
0,2769,2850.00
0,2771,2850.00
0,2772,2850.00
0,2774,3010.00
0,2776,3010.00
0,2777,2850.00
0,2778,2850.00
0,2780,2850.00
0,2781,2850.00
0,2782,2850.00
0,2784,2830.00
0,2785,2830.00
0,2786,2830.00
0,2788,2830.00
0,2789,2840.00
0,2790,2840.00
0,2792,2880.00
0,2793,2880.00
0,2794,2880.00
0,2796,2850.00
0,2797,2850.00
0,2798,2870.00
0,2799,2880.00
0,2801,2880.00
0,2802,2850.00
0,2803,2850.00
0,2805,2850.00
0,2806,2880.00
0,2807,2880.00
0,2809,2850.00
0,2810,2850.00
0,2811,2850.00
0,2813,2840.00
0,2814,2840.00
0,2816,2850.00
0,2818,2830.00
0,2819,2830.00
0,2820,2870.00
0,2822,2870.00
0,2823,2870.00
0,2824,2880.00
0,2826,2880.00
0,2827,2880.00
0,2828,2880.00
0,2830,2850.00
0,2831,2850.00
0,2832,2850.00
0,2834,2830.00
0,2835,2840.00
0,2836,2840.00
0,2838,2850.00
0,2839,2850.00
0,2840,2870.00
0,2842,2840.00
0,2843,2840.00
0,2844,2850.00
0,2846,2850.00
0,2847,2870.00
0,2848,3020.00
0,2850,3020.00
0,2851,2850.00
0,2852,2870.00
0,2854,2870.00
0,2855,2840.00
0,2856,2840.00
0,2859,2850.00
0,2860,2880.00
0,2861,2880.00
0,2863,2830.00
0,2864,2830.00
0,2865,2850.00
0,2867,2850.00
0,2868,2850.00
0,2869,2870.00
0,2871,2850.00
0,2872,2850.00
0,2873,2850.00
0,2875,2850.00
0,2876,2850.00
0,2877,2850.00
0,2879,2850.00
0,2880,2850.00
0,2881,2880.00
0,2883,2880.00
0,2884,2850.00
0,2885,2850.00
0,2886,2840.00
0,2888,2870.00
0,2889,2870.00
0,2890,2850.00
0,2892,2850.00
0,2893,2880.00
0,2894,2870.00
0,2896,2870.00
0,2897,2850.00
0,2898,2850.00
0,2900,2850.00
0,2902,2840.00
0,2903,2840.00
0,2905,2830.00
0,2906,2830.00
0,2907,2830.00
0,2909,2830.00
0,2910,2830.00
0,2911,2870.00
0,2913,3020.00
0,2914,3020.00
0,2915,3010.00
0,2917,3080.00
0,2918,3080.00
0,2919,3020.00
0,2921,3020.00
0,2922,2840.00
0,2923,3000.00
0,2925,3000.00
0,2926,2880.00
0,2927,2880.00
0,2929,2870.00
0,2930,3080.00
0,2931,3080.00
0,2933,2890.00
0,2934,2840.00
0,2935,2840.00
0,2937,3030.00
0,2938,3030.00
0,2939,2840.00
0,2941,2850.00
0,2942,2850.00
0,2944,2820.00
0,2946,2820.00
0,2947,2840.00
0,2948,2850.00
0,2950,2850.00
0,2951,2870.00
0,2952,2930.00
0,2954,2930.00
0,2955,2850.00
0,2956,2850.00
0,2958,2850.00
0,2959,2830.00
0,2960,2830.00
0,2962,2830.00
0,2963,2840.00
0,2964,2840.00
0,2966,2840.00
0,2967,2840.00
0,2968,2850.00
0,2969,2850.00
0,2971,2850.00
0,2972,2870.00
0,2973,2870.00
0,2975,2870.00
0,2976,2850.00
0,2977,2850.00
0,2979,2850.00
0,2980,2840.00
0,2981,2840.00
0,2983,2840.00
0,2984,2840.00
0,2985,2820.00
0,2988,2840.00
0,2989,2840.00
0,2990,2830.00
0,2992,2830.00
0,2993,2870.00
0,2994,2820.00
0,2996,2820.00
0,2997,2870.00
0,2998,2870.00
0,3000,2870.00
0,3001,2850.00
0,3002,2850.00
0,3004,2850.00
0,3005,2840.00
0,3006,2840.00
0,3008,2840.00
0,3009,2840.00
0,3010,2850.00
0,3012,2840.00
0,3013,2840.00
0,3014,2880.00
0,3016,2840.00
0,3017,2840.00
0,3018,2850.00
0,3020,2850.00
0,3021,2870.00
0,3022,2870.00
0,3024,2870.00
0,3025,2840.00
0,3026,2840.00
0,3028,2850.00
0,3030,2870.00
0,3031,2870.00
0,3033,2850.00
0,3034,2840.00
0,3035,2840.00
0,3037,2850.00
0,3038,2850.00
0,3039,2830.00
0,3041,2850.00
0,3042,2850.00
0,3043,2850.00
0,3045,2870.00
0,3046,2870.00
0,3047,2880.00
0,3049,2880.00
0,3050,2870.00
0,3051,2850.00
0,3053,2850.00
0,3054,2840.00
0,3055,2840.00
0,3057,2840.00
0,3058,2830.00
0,3059,2830.00
0,3060,2820.00
0,3062,2850.00
0,3063,2850.00
0,3064,2850.00
0,3066,2850.00
0,3067,2880.00
0,3068,2850.00
0,3070,2850.00
0,3072,2830.00
0,3073,2830.00
0,3075,2830.00
0,3076,2850.00
0,3077,2850.00
0,3079,2840.00
0,3080,2840.00
0,3081,2840.00
0,3083,2840.00
0,3084,2840.00
0,3085,2870.00
0,3087,2870.00
0,3088,2870.00
0,3089,2850.00
0,3091,2850.00
0,3092,2840.00
0,3093,2840.00
0,3095,2840.00
0,3096,2850.00
0,3097,2820.00
0,3099,2820.00
0,3100,2840.00
0,3101,2840.00
0,3103,2840.00
0,3104,2840.00
0,3105,2840.00
0,3107,2830.00
0,3108,2830.00
0,3109,2850.00
0,3111,2850.00
0,3112,2850.00
0,3113,2870.00
0,3116,2870.00
0,3117,2870.00
0,3118,2850.00
0,3120,2850.00
0,3121,2850.00
0,3122,2850.00
0,3124,2850.00
0,3125,2840.00
0,3126,2830.00
0,3128,2830.00
0,3129,2840.00
0,3130,2840.00
0,3132,2830.00
0,3133,2840.00
0,3134,2840.00
0,3136,2840.00
0,3137,2840.00
0,3138,2850.00
0,3140,2870.00
0,3141,2870.00
0,3142,2870.00
0,3144,2850.00
0,3145,2850.00
0,3146,2870.00
0,3147,2870.00
0,3149,2870.00
0,3150,2830.00
0,3151,2830.00
0,3153,2850.00
0,3154,2850.00
0,3155,2840.00
0,3158,2840.00
0,3159,2840.00
0,3160,2830.00
0,3162,2850.00
0,3163,2850.00
0,3164,2850.00
0,3166,2850.00
0,3167,2870.00
0,3168,2870.00
0,3170,2870.00
0,3171,2850.00
0,3172,2850.00
0,3174,2850.00
0,3175,2850.00
0,3176,2850.00
0,3178,2840.00
0,3179,2840.00
0,3180,2840.00
0,3182,2830.00
0,3183,2830.00
0,3184,2830.00
0,3186,2830.00
0,3187,2830.00
0,3188,2830.00
0,3190,2830.00
0,3191,2850.00
0,3192,2850.00
0,3194,2850.00
0,3195,2840.00
0,3196,2840.00
0,3198,2840.00
0,3200,2840.00
0,3201,2840.00
0,3203,2840.00
0,3204,2840.00
0,3205,2840.00
0,3207,2830.00
0,3208,2800.00
0,3209,2800.00
0,3211,2840.00
0,3212,2840.00
0,3213,2850.00
0,3215,2870.00
0,3216,2870.00
0,3217,2870.00
0,3219,2870.00
0,3220,2850.00
0,3221,2850.00
0,3223,2850.00
0,3224,2840.00
0,3225,2840.00
0,3227,2840.00
0,3228,2870.00
0,3229,2870.00
0,3230,2840.00
0,3232,2840.00
0,3233,2840.00
0,3234,2850.00
0,3236,2850.00
0,3237,2870.00
0,3238,2870.00
0,3240,2870.00
0,3241,2870.00
0,3243,2850.00
0,3245,2850.00
0,3246,2850.00
0,3247,2850.00
0,3249,2840.00
0,3250,2840.00
0,3251,2840.00
0,3253,2850.00
0,3254,2850.00
0,3255,2840.00
0,3257,2820.00
0,3258,2820.00
0,3259,2820.00
0,3261,2870.00
0,3262,2870.00
0,3263,2850.00
0,3265,2850.00
0,3266,2870.00
0,3267,2840.00
0,3269,2840.00
0,3270,2850.00
0,3271,2850.00
0,3273,2850.00
0,3274,2840.00
0,3275,2840.00
0,3277,2850.00
0,3278,2850.00
0,3279,2850.00
0,3281,2830.00
0,3282,2830.00
0,3283,2830.00
0,3286,2840.00
0,3287,2840.00
0,3288,2830.00
0,3290,2850.00
0,3291,2850.00
0,3292,2870.00
0,3294,2870.00
0,3295,2850.00
0,3296,2850.00
0,3298,2850.00
0,3299,2840.00
0,3300,2840.00
0,3302,2830.00
0,3303,2840.00
0,3304,2840.00
0,3306,2840.00
0,3307,2840.00
0,3308,2840.00
0,3310,2820.00
0,3311,2820.00
0,3312,2870.00
0,3314,2850.00
0,3315,2850.00
0,3316,2850.00
0,3318,2850.00
0,3319,2850.00
0,3320,2850.00
0,3321,2850.00
0,3323,2840.00
0,3324,2850.00
0,3325,2850.00
0,3328,2870.00
0,3329,2870.00
0,3330,2830.00
0,3332,2850.00
0,3333,2850.00
0,3334,2840.00
0,3336,2840.00
0,3337,2820.00
0,3338,2850.00
0,3340,2850.00
0,3341,2850.00
0,3342,2850.00
0,3344,2850.00
0,3345,2880.00
0,3346,2880.00
0,3348,2880.00
0,3349,2980.00
0,3350,2980.00
0,3352,2830.00
0,3353,2830.00
0,3354,2850.00
0,3356,2850.00
0,3357,2850.00
0,3358,2850.00
0,3360,2850.00
0,3361,2850.00
0,3362,2850.00
0,3364,2850.00
0,3365,2850.00
0,3366,2850.00
0,3368,2850.00
0,3369,2840.00
0,3371,2840.00
0,3373,2840.00
0,3374,2840.00
0,3375,2840.00
0,3377,2850.00
0,3378,2850.00
0,3379,2850.00
0,3381,2840.00
0,3382,2840.00
0,3383,2870.00
0,3385,2850.00
0,3386,2850.00
0,3387,2870.00
0,3389,2870.00
0,3390,2870.00
0,3391,2870.00
0,3393,2870.00
0,3394,2880.00
0,3395,2850.00
0,3397,2850.00
0,3398,2870.00
0,3399,2870.00
0,3401,2830.00
0,3402,2840.00
0,3403,2840.00
0,3405,2830.00
0,3406,2830.00
0,3407,2830.00
0,3408,2870.00
0,3410,2870.00
0,3411,2880.00
0,3412,2870.00
0,3415,2870.00
0,3416,2840.00
0,3417,2840.00
0,3419,2840.00
0,3420,2870.00
0,3421,2870.00
0,3423,2850.00
0,3424,2840.00
0,3425,2840.00
0,3427,2840.00
0,3428,2840.00
0,3429,2840.00
0,3431,2850.00
0,3432,2850.00
0,3433,2870.00
0,3435,2870.00
0,3436,2870.00
0,3437,2850.00
0,3439,2850.00
0,3440,2880.00
0,3441,2870.00
0,3443,2870.00
0,3444,2850.00
0,3445,2850.00
0,3447,2840.00
0,3448,2870.00
0,3449,2870.00
0,3451,2840.00
0,3452,2920.00
0,3453,2920.00
0,3456,2850.00
0,3457,2850.00
0,3458,2830.00
0,3460,2870.00
0,3461,2870.00
0,3462,2880.00
0,3464,2880.00
0,3465,2870.00
0,3466,2880.00
0,3468,2880.00
0,3469,2840.00
0,3470,2850.00
0,3472,2850.00
0,3473,2870.00
0,3474,2870.00
0,3476,2830.00
0,3477,2840.00
0,3478,2840.00
0,3480,2830.00
0,3481,2830.00
0,3482,2850.00
0,3484,2850.00
0,3485,2850.00
0,3486,2870.00
0,3488,2840.00
0,3489,2840.00
0,3490,2840.00
0,3492,2840.00
0,3493,2830.00
0,3494,2840.00
0,3495,2840.00
0,3497,2830.00
0,3499,2830.00
0,3500,2830.00
0,3502,2830.00
0,3503,2830.00
0,3504,2830.00
0,3506,2870.00
0,3507,2870.00
0,3508,2880.00
0,3510,2880.00
0,3511,2850.00
0,3512,2840.00
0,3514,2840.00
0,3515,2830.00
0,3516,2830.00
0,3518,2840.00
0,3519,2840.00
0,3520,2840.00
0,3522,2850.00
0,3523,2840.00
0,3524,2840.00
0,3526,2840.00
0,3527,2840.00
0,3528,2850.00
0,3530,2850.00
0,3531,2850.00
0,3532,2870.00
0,3534,2840.00
0,3535,2840.00
0,3536,2850.00
0,3538,2850.00
0,3539,2850.00
0,3540,2840.00
0,3543,2840.00
0,3544,2800.00
0,3545,2800.00
0,3547,2830.00
0,3548,2850.00
0,3549,2850.00
0,3551,2850.00
0,3552,2870.00
0,3553,2870.00
0,3555,2850.00
0,3556,2850.00
0,3557,2880.00
0,3559,2880.00
0,3560,2880.00
0,3561,2890.00
0,3563,2890.00
0,3564,2870.00
0,3565,2840.00
0,3567,2840.00
0,3568,2840.00
0,3569,2840.00
0,3571,2840.00
0,3572,2830.00
0,3573,2830.00
0,3575,2830.00
0,3576,2850.00
0,3577,2850.00
0,3579,2870.00
0,3580,2870.00
0,3581,2850.00
0,3582,2850.00
0,3585,2850.00
0,3586,2840.00
0,3587,2840.00
0,3589,2840.00
0,3590,2830.00
0,3591,2830.00
0,3593,2850.00
0,3594,3170.00
0,3595,3170.00
0,3597,3160.00
0,3598,3160.00
0,3599,3100.00
0,3601,3100.00
0,3602,3100.00
0,3603,3150.00
0,3605,3070.00
0,3606,3070.00
0,3607,3080.00
0,3609,3080.00
0,3610,3210.00
0,3611,3080.00
0,3613,3080.00
0,3614,3210.00
0,3615,3420.00
0,3617,3420.00
0,3618,3260.00
0,3619,3260.00
0,3621,3190.00
0,3622,3300.00
0,3623,3300.00
0,3625,3170.00
0,3627,3170.00
0,3628,3170.00
0,3630,3190.00
0,3631,3190.00
0,3632,3120.00
0,3634,3280.00
0,3635,3280.00
0,3636,3240.00
0,3638,3240.00
0,3639,3230.00
0,3640,3370.00
0,3642,3370.00
0,3643,3390.00
0,3644,3390.00
0,3646,2890.00
0,3647,3070.00
0,3648,3070.00
0,3650,2870.00
0,3651,2840.00
0,3652,2840.00
0,3654,3070.00
0,3655,3070.00
0,3656,2830.00
0,3658,2850.00
0,3659,2850.00
0,3660,3060.00
0,3662,3060.00
0,3663,2870.00
0,3664,2840.00
0,3666,2840.00
0,3667,3050.00
0,3668,2850.00
0,3670,2850.00
0,3672,2870.00
0,3673,2870.00
0,3674,3020.00
0,3676,2880.00
0,3677,2880.00
0,3678,2870.00
0,3680,2870.00
0,3681,2870.00
0,3682,2840.00
0,3684,2840.00
0,3685,2840.00
0,3686,2850.00
0,3688,2850.00
0,3689,2830.00
0,3690,2830.00
0,3692,2840.00
0,3693,2830.00
0,3694,2830.00
0,3696,2880.00
0,3697,2870.00
0,3698,2870.00
0,3700,2890.00
0,3701,2890.00
0,3702,2890.00
0,3704,2850.00
0,3705,2850.00
0,3706,2850.00
0,3708,2850.00
0,3709,2840.00
0,3710,2840.00
0,3713,2840.00
0,3714,2850.00
0,3715,2820.00
0,3717,2820.00
0,3718,2850.00
0,3719,2850.00
0,3721,2850.00
0,3722,2850.00
0,3723,2850.00
0,3725,2880.00
0,3726,2880.00
0,3727,2850.00
0,3729,2850.00
0,3730,2850.00
0,3731,2850.00
0,3733,2970.00
0,3734,2970.00
0,3735,2840.00
0,3737,2840.00
0,3738,2840.00
0,3739,2880.00
0,3741,2880.00
0,3742,2850.00
0,3743,2850.00
0,3745,2880.00
0,3746,2870.00
0,3747,2870.00
0,3749,2880.00
0,3750,2850.00
0,3751,2850.00
0,3753,2840.00
0,3755,2840.00
0,3756,2840.00
0,3757,2880.00
0,3759,2880.00
0,3760,2820.00
0,3761,2820.00
0,3763,2840.00
0,3764,2850.00
0,3765,2850.00
0,3767,2920.00
0,3768,2880.00
0,3769,2880.00
0,3771,2870.00
0,3772,2870.00
0,3773,2870.00
0,3775,2850.00
0,3776,2850.00
0,3777,2870.00
0,3779,2840.00
0,3780,2840.00
0,3781,2840.00
0,3783,2840.00
0,3784,2830.00
0,3785,2840.00
0,3787,2840.00
0,3788,2870.00
0,3789,2870.00
0,3791,2850.00
0,3792,2870.00
0,3793,2870.00
0,3795,2880.00
0,3796,2870.00
0,3798,2870.00
0,3800,2880.00
0,3801,2880.00
0,3802,2850.00
0,3804,2850.00
0,3805,2850.00
0,3806,2840.00
0,3808,2840.00
0,3809,2840.00
0,3810,2820.00
0,3812,2820.00
0,3813,2850.00
0,3814,2850.00
0,3816,2850.00
0,3817,2870.00
0,3818,2870.00
0,3820,2850.00
0,3821,2840.00
0,3822,2840.00
0,3824,2870.00
0,3825,2870.00
0,3826,2850.00
0,3828,2850.00
0,3829,2850.00
0,3830,2850.00
0,3832,2830.00
0,3833,2830.00
0,3834,2840.00
0,3836,2840.00
0,3837,2840.00
0,3838,2870.00
0,3841,2870.00
0,3842,2870.00
0,3843,2850.00
0,3844,2850.00
0,3846,2850.00
0,3847,2850.00
0,3848,2850.00
0,3850,3010.00
0,3851,3010.00
0,3852,2870.00
0,3854,2870.00
0,3855,2850.00
0,3856,2840.00
0,3858,2840.00
0,3859,2840.00
0,3860,2850.00
0,3862,2850.00
0,3863,2870.00
0,3864,2870.00
0,3866,2850.00
0,3867,2880.00
0,3868,2880.00
0,3870,2830.00
0,3871,2830.00
0,3872,2880.00
0,3874,2850.00
0,3875,2850.00
0,3876,2850.00
0,3878,2840.00
0,3879,2840.00
0,3880,2830.00
0,3883,2830.00
0,3884,2830.00
0,3885,2850.00
0,3887,2850.00
0,3888,2830.00
0,3889,2830.00
0,3891,2850.00
0,3892,2850.00
0,3893,2850.00
0,3895,2870.00
0,3896,2850.00
0,3897,2850.00
0,3899,2890.00
0,3900,2890.00
0,3901,2850.00
0,3903,2870.00
0,3904,2870.00
0,3905,2830.00
0,3907,2830.00
0,3908,2840.00
0,3909,2840.00
0,3911,2840.00
0,3912,2870.00
0,3913,2850.00
0,3915,2850.00
0,3916,2870.00
0,3917,2870.00
0,3919,2870.00
0,3920,2880.00
0,3921,2880.00
0,3923,2850.00
0,3924,2870.00
0,3926,2870.00
0,3928,2850.00
0,3929,2850.00
0,3930,2850.00
0,3931,2840.00
0,3933,2840.00
0,3934,2840.00
0,3935,2840.00
0,3937,2840.00
0,3938,2870.00
0,3939,2870.00
0,3941,2890.00
0,3942,2840.00
0,3943,2840.00
0,3945,2880.00
0,3946,2880.00
0,3947,2850.00
0,3949,2850.00
0,3950,2850.00
0,3951,2840.00
0,3953,2840.00
0,3954,2910.00
0,3955,2830.00
0,3957,2830.00
0,3958,2830.00
0,3959,2850.00
0,3961,2850.00
0,3962,2870.00
0,3963,2870.00
0,3965,2850.00
0,3966,2880.00
0,3968,2880.00
0,3970,2850.00
0,3971,2850.00
0,3972,2850.00
